{
    "metadata":{
        "type":"BufferGeometry",
        "position":36,
        "normal":36,
        "generator":"io_three",
        "version":3
    },
    "data":{
        "index":{
            "itemSize":1,
            "type":"Uint16Array",
            "array":[0,1,2,3,4,5,6,7,8,9,10,11,12,13,14,15,16,17,18,19,20,21,22,23,24,25,26,27,28,29,30,31,32,33,34,35]
        },
        "attributes":{
            "position":{
                "itemSize":3,
                "type":"Float32Array",
                "array":[1,0.322563,-1,-1,0.322563,1,-1,0.322563,-1,1,2.32256,-1,-1,2.32256,1,-0.495014,1.73266,2.76472,1,0.322563,-1,-0.495014,1.73266,2.76472,-0.495013,-0.267337,2.76472,-0.495014,1.73266,2.76472,-1,0.322563,1,-0.495013,-0.267337,2.76472,-1,0.322563,1,-1,2.32256,-1,-1,0.322563,-1,1,0.322563,-1,-1,2.32256,-1,1,2.32256,-1,1,0.322563,-1,-0.495013,-0.267337,2.76472,-1,0.322563,1,1,2.32256,-1,-1,2.32256,-1,-1,2.32256,1,1,0.322563,-1,1,2.32256,-1,-0.495014,1.73266,2.76472,-0.495014,1.73266,2.76472,-1,2.32256,1,-1,0.322563,1,-1,0.322563,1,-1,2.32256,1,-1,2.32256,-1,1,0.322563,-1,-1,0.322563,-1,-1,2.32256,-1]
            },
            "normal":{
                "itemSize":3,
                "type":"Float32Array",
                "array":[-7.10543e-15,-1,2.98023e-08,-7.10543e-15,-1,2.98023e-08,-7.10543e-15,-1,2.98023e-08,0.243945,0.938606,0.243945,0.243945,0.938606,0.243945,0.243945,0.938606,0.243945,0.9294,2.16687e-07,0.369075,0.9294,2.16687e-07,0.369075,0.9294,2.16687e-07,0.369075,-0.961412,-3.89668e-07,0.275114,-0.961412,-3.89668e-07,0.275114,-0.961412,-3.89668e-07,0.275114,-1,-1.49012e-07,-2.38419e-07,-1,-1.49012e-07,-2.38419e-07,-1,-1.49012e-07,-2.38419e-07,2.08616e-07,1.78814e-07,-1,2.08616e-07,1.78814e-07,-1,2.08616e-07,1.78814e-07,-1,-0.243945,-0.938606,-0.243945,-0.243945,-0.938606,-0.243945,-0.243945,-0.938606,-0.243945,-0,1,0,-0,1,0,-0,1,0,0.929399,-2.87582e-07,0.369075,0.929399,-2.87582e-07,0.369075,0.929399,-2.87582e-07,0.369075,-0.961412,-7.3614e-08,0.275114,-0.961412,-7.3614e-08,0.275114,-0.961412,-7.3614e-08,0.275114,-1,-1.19209e-07,-2.08616e-07,-1,-1.19209e-07,-2.08616e-07,-1,-1.19209e-07,-2.08616e-07,2.08616e-07,1.78814e-07,-1,2.08616e-07,1.78814e-07,-1,2.08616e-07,1.78814e-07,-1]
            }
        },
        "groups":[{
            "materialIndex":0,
            "count":36,
            "start":0
        }]
    }
}