{
    "metadata":{
        "position":96,
        "type":"BufferGeometry",
        "version":3,
        "generator":"io_three",
        "normal":96
    },
    "data":{
        "attributes":{
            "position":{
                "array":[7.23937,3.9897,-5.19519,6.63154,4.8296,-5.70176,7.23904,3.98936,-5.19537,6.63187,4.82996,-5.70157,6.63187,4.82996,-5.70157,7.23937,3.9897,-5.19519,6.63154,4.8296,-5.70176,7.23904,3.98936,-5.19537,7.23864,3.98903,-5.19544,6.63115,4.82928,-5.70183,6.63115,4.82928,-5.70183,7.23864,3.98903,-5.19544,7.23961,3.99006,-5.19489,6.63211,4.8303,-5.70128,6.63211,4.8303,-5.70128,7.23961,3.99006,-5.19489,7.23821,3.98875,-5.19539,6.63072,4.82899,-5.70178,6.63072,4.82899,-5.70178,7.23821,3.98875,-5.19539,7.23975,3.99038,-5.19452,6.63225,4.83063,-5.70091,6.63225,4.83063,-5.70091,7.23975,3.99038,-5.19452,7.23777,3.98853,-5.19522,6.63028,4.82878,-5.70161,6.63028,4.82878,-5.70161,7.23777,3.98853,-5.19522,7.23978,3.99067,-5.19409,6.63228,4.83091,-5.70048,6.63228,4.83091,-5.70048,7.23978,3.99067,-5.19409,7.23736,3.9884,-5.19495,6.62986,4.82865,-5.70134,6.62986,4.82865,-5.70134,7.23736,3.9884,-5.19495,7.23969,3.99088,-5.19363,6.63219,4.83113,-5.70002,6.63219,4.83113,-5.70002,7.23969,3.99088,-5.19363,7.23699,3.98835,-5.19459,6.6295,4.8286,-5.70098,6.6295,4.8286,-5.70098,7.23699,3.98835,-5.19459,7.2395,3.99101,-5.19317,6.632,4.83126,-5.69956,6.632,4.83126,-5.69956,7.2395,3.99101,-5.19317,6.62921,4.82865,-5.70055,7.2367,3.9884,-5.19416,6.62921,4.82865,-5.70055,7.2367,3.9884,-5.19416,6.63171,4.83131,-5.69913,7.23921,3.99106,-5.19274,6.63171,4.83131,-5.69913,7.23921,3.99106,-5.19274,7.23651,3.98853,-5.19371,6.62901,4.82878,-5.70009,6.62901,4.82878,-5.70009,7.23651,3.98853,-5.19371,7.23884,3.99101,-5.19238,6.63134,4.83126,-5.69877,6.63134,4.83126,-5.69877,7.23884,3.99101,-5.19238,7.23642,3.98875,-5.19324,6.62893,4.82899,-5.69963,6.62893,4.82899,-5.69963,7.23642,3.98875,-5.19324,7.23842,3.99088,-5.19211,6.63093,4.83113,-5.6985,6.63093,4.83113,-5.6985,7.23842,3.99088,-5.19211,7.23645,3.98903,-5.19281,6.62895,4.82928,-5.6992,6.62895,4.82928,-5.6992,7.23645,3.98903,-5.19281,7.23799,3.99067,-5.19194,6.63049,4.83091,-5.69833,6.63049,4.83091,-5.69833,7.23799,3.99067,-5.19194,7.23659,3.98936,-5.19244,6.62909,4.8296,-5.69883,6.62909,4.8296,-5.69883,7.23659,3.98936,-5.19244,7.23756,3.99038,-5.19189,6.63006,4.83063,-5.69828,6.63006,4.83063,-5.69828,7.23756,3.99038,-5.19189,7.23683,3.9897,-5.19215,6.62934,4.82996,-5.69854,6.62934,4.82996,-5.69854,7.23683,3.9897,-5.19215,7.23716,3.99006,-5.19196,6.62967,4.8303,-5.69835,6.62967,4.8303,-5.69835,7.23716,3.99006,-5.19196],
                "type":"Float32Array",
                "itemSize":3
            },
            "normal":{
                "array":[-0.639973,0.000579852,0.768364,-0.474319,0.176275,0.862484,-0.473586,0.177435,0.862667,-0.640736,-0.000549333,0.767724,0.640736,0.000549333,-0.767724,0.639973,-0.000579852,-0.768364,0.474624,-0.176275,-0.862331,0.473861,-0.177465,-0.862514,-0.275094,0.342845,0.89819,-0.276009,0.341899,0.898282,0.276559,-0.34199,-0.898068,0.274972,-0.343059,-0.898129,-0.762993,-0.176214,0.621876,-0.762963,-0.178014,0.621418,0.762963,0.178014,-0.621418,0.762993,0.176214,-0.621876,-0.0565813,0.485061,0.872616,-0.0564898,0.485336,0.872494,0.0564287,-0.485519,-0.872372,0.0565813,-0.485305,-0.872494,-0.83459,-0.341319,0.432356,-0.833674,-0.343852,0.432081,0.833674,0.343852,-0.432081,0.83459,0.341319,-0.432356,0.163518,0.593036,0.788385,0.166448,0.594684,0.786523,-0.16657,-0.594562,-0.786584,-0.162969,-0.59328,-0.788293,-0.848537,-0.484634,0.212256,-0.848231,-0.485122,0.212439,0.848231,0.485122,-0.212439,0.848537,0.484634,-0.212256,0.374767,0.661519,0.649525,0.373943,0.662954,0.648549,-0.374187,-0.66274,-0.64861,-0.374706,-0.661641,-0.649434,-0.803674,-0.594684,-0.0210578,-0.8052,-0.592639,-0.0186468,0.8052,0.592639,0.0186468,0.803674,0.594684,0.0210578,0.558977,0.685446,0.466536,0.559252,0.685415,0.466262,-0.559587,-0.685263,-0.466079,-0.559069,-0.685446,-0.466445,-0.705924,-0.662221,-0.251167,-0.705588,-0.662343,-0.251717,0.705802,0.66213,0.251747,0.705893,0.662252,0.251167,0.706412,0.661397,0.25193,0.705802,0.662191,0.251595,-0.706229,-0.661641,-0.251869,-0.705741,-0.662313,-0.251442,-0.558153,-0.686148,-0.466506,-0.559801,-0.684866,-0.466384,0.558367,0.685965,0.466506,0.559771,0.684927,0.466353,0.804987,0.592975,0.0186773,0.803674,0.594653,0.021485,-0.803522,-0.594836,-0.0215766,-0.804865,-0.593127,-0.0184637,-0.373913,-0.66158,-0.649983,-0.374584,-0.66213,-0.649037,0.374584,0.66213,0.649037,0.373913,0.66158,0.649983,0.848079,0.485336,-0.212531,0.848109,0.485305,-0.212439,-0.84817,-0.485244,0.212439,-0.848079,-0.485366,0.21247,-0.165075,-0.593616,-0.787591,-0.165197,-0.593554,-0.787622,0.165197,0.593554,0.787622,0.165075,0.593616,0.787591,0.834071,0.342601,-0.432356,0.834407,0.341807,-0.432295,-0.834468,-0.341502,0.432417,-0.83404,-0.342784,0.432264,0.0563982,-0.484329,-0.873043,0.0558184,-0.486099,-0.872097,-0.0558184,0.486099,0.872097,-0.0563982,0.484329,0.873043,0.762658,0.177252,-0.622028,0.763176,0.176794,-0.621479,-0.763451,-0.17658,0.621204,-0.762505,-0.177252,0.622181,0.275185,-0.341746,-0.898587,0.275063,-0.342692,-0.898251,-0.275063,0.342692,0.898251,-0.275185,0.341746,0.898587,0.639821,0.00021363,-0.768487,0.640339,-0.000396741,-0.768059,-0.640675,0.000549333,0.767785,-0.639821,-0.000183111,0.768517,0.473373,-0.176977,-0.86288,0.473678,-0.177343,-0.862636,-0.473769,0.177526,0.862545,-0.473464,0.176916,0.86285],
                "type":"Float32Array",
                "itemSize":3
            }
        },
        "groups":[{
            "materialIndex":0,
            "start":0,
            "count":288
        }],
        "index":{
            "array":[0,1,2,1,0,3,4,5,6,7,6,5,1,8,2,8,1,9,10,6,11,7,11,6,12,3,0,3,12,13,14,15,4,5,4,15,9,16,8,16,9,17,18,10,19,11,19,10,20,13,12,13,20,21,22,23,14,15,14,23,17,24,16,24,17,25,26,18,27,19,27,18,28,21,20,21,28,29,30,31,22,23,22,31,25,32,24,32,25,33,34,26,35,27,35,26,36,29,28,29,36,37,38,39,30,31,30,39,33,40,32,40,33,41,42,34,43,35,43,34,44,37,36,37,44,45,46,47,38,39,38,47,40,48,49,48,40,41,42,43,50,51,50,43,52,44,53,44,52,45,46,54,47,55,47,54,48,56,49,56,48,57,58,50,59,51,59,50,60,52,53,52,60,61,62,63,54,55,54,63,57,64,56,64,57,65,66,58,67,59,67,58,68,61,60,61,68,69,70,71,62,63,62,71,65,72,64,72,65,73,74,66,75,67,75,66,76,69,68,69,76,77,78,79,70,71,70,79,73,80,72,80,73,81,82,74,83,75,83,74,84,77,76,77,84,85,86,87,78,79,78,87,81,88,80,88,81,89,90,82,91,83,91,82,92,85,84,85,92,93,94,95,86,87,86,95,89,92,88,92,89,93,94,90,95,91,95,90],
            "type":"Uint16Array",
            "itemSize":1
        }
    }
}